{
    "Não potável": {
        "precision": 0.7012658227848101,
        "recall": 0.6925,
        "f1-score": 0.6968553459119496,
        "support": 400.0
    },
    "Potável": {
        "precision": 0.5287356321839081,
        "recall": 0.5390625,
        "f1-score": 0.5338491295938105,
        "support": 256.0
    },
    "accuracy": 0.6326219512195121,
    "macro avg": {
        "precision": 0.6150007274843591,
        "recall": 0.61578125,
        "f1-score": 0.6153522377528801,
        "support": 656.0
    },
    "weighted avg": {
        "precision": 0.6339369679161654,
        "recall": 0.6326219512195121,
        "f1-score": 0.6332431639341392,
        "support": 656.0
    }
}