{
    "Não potável": {
        "precision": 0.6881443298969072,
        "recall": 0.6675,
        "f1-score": 0.6776649746192893,
        "support": 400.0
    },
    "Potável": {
        "precision": 0.503731343283582,
        "recall": 0.52734375,
        "f1-score": 0.5152671755725191,
        "support": 256.0
    },
    "accuracy": 0.6128048780487805,
    "macro avg": {
        "precision": 0.5959378365902446,
        "recall": 0.597421875,
        "f1-score": 0.5964660750959042,
        "support": 656.0
    },
    "weighted avg": {
        "precision": 0.6161782863404877,
        "recall": 0.6128048780487805,
        "f1-score": 0.6142902237717692,
        "support": 656.0
    }
}