{
    "Não potável": {
        "precision": 0.67590618336887,
        "recall": 0.7925,
        "f1-score": 0.7295742232451093,
        "support": 400.0
    },
    "Potável": {
        "precision": 0.5561497326203209,
        "recall": 0.40625,
        "f1-score": 0.46952595936794583,
        "support": 256.0
    },
    "accuracy": 0.6417682926829268,
    "macro avg": {
        "precision": 0.6160279579945954,
        "recall": 0.599375,
        "f1-score": 0.5995500913065276,
        "support": 656.0
    },
    "weighted avg": {
        "precision": 0.6291719586865094,
        "recall": 0.6417682926829268,
        "f1-score": 0.6280919739271918,
        "support": 656.0
    }
}