{
    "Não potável": {
        "precision": 0.675392670157068,
        "recall": 0.645,
        "f1-score": 0.659846547314578,
        "support": 400.0
    },
    "Potável": {
        "precision": 0.48175182481751827,
        "recall": 0.515625,
        "f1-score": 0.4981132075471698,
        "support": 256.0
    },
    "accuracy": 0.5945121951219512,
    "macro avg": {
        "precision": 0.5785722474872932,
        "recall": 0.5803125,
        "f1-score": 0.5789798774308739,
        "support": 656.0
    },
    "weighted avg": {
        "precision": 0.5998255110001706,
        "recall": 0.5945121951219512,
        "f1-score": 0.596731097649248,
        "support": 656.0
    }
}