{
    "Não potável": {
        "precision": 0.6097560975609756,
        "recall": 1.0,
        "f1-score": 0.7575757575757576,
        "support": 400.0
    },
    "Potável": {
        "precision": 0.0,
        "recall": 0.0,
        "f1-score": 0.0,
        "support": 256.0
    },
    "accuracy": 0.6097560975609756,
    "macro avg": {
        "precision": 0.3048780487804878,
        "recall": 0.5,
        "f1-score": 0.3787878787878788,
        "support": 656.0
    },
    "weighted avg": {
        "precision": 0.37180249851279,
        "recall": 0.6097560975609756,
        "f1-score": 0.4619364375461936,
        "support": 656.0
    }
}