{
    "Não potável": {
        "precision": 0.662303664921466,
        "recall": 0.6325,
        "f1-score": 0.6470588235294118,
        "support": 400.0
    },
    "Potável": {
        "precision": 0.4635036496350365,
        "recall": 0.49609375,
        "f1-score": 0.47924528301886793,
        "support": 256.0
    },
    "accuracy": 0.5792682926829268,
    "macro avg": {
        "precision": 0.5629036572782512,
        "recall": 0.5642968749999999,
        "f1-score": 0.5631520532741399,
        "support": 656.0
    },
    "weighted avg": {
        "precision": 0.584723171151152,
        "recall": 0.5792682926829268,
        "f1-score": 0.5815706125984678,
        "support": 656.0
    }
}