{
    "Não potável": {
        "precision": 0.6363636363636364,
        "recall": 0.525,
        "f1-score": 0.5753424657534246,
        "support": 400.0
    },
    "Potável": {
        "precision": 0.4171779141104294,
        "recall": 0.53125,
        "f1-score": 0.46735395189003437,
        "support": 256.0
    },
    "accuracy": 0.5274390243902439,
    "macro avg": {
        "precision": 0.5267707752370329,
        "recall": 0.528125,
        "f1-score": 0.5213482088217295,
        "support": 656.0
    },
    "weighted avg": {
        "precision": 0.5508277447526287,
        "recall": 0.5274390243902439,
        "f1-score": 0.5332006066847845,
        "support": 656.0
    }
}