{
    "Não potável": {
        "precision": 0.6555269922879178,
        "recall": 0.6375,
        "f1-score": 0.6463878326996197,
        "support": 400.0
    },
    "Potável": {
        "precision": 0.45692883895131087,
        "recall": 0.4765625,
        "f1-score": 0.4665391969407266,
        "support": 256.0
    },
    "accuracy": 0.5746951219512195,
    "macro avg": {
        "precision": 0.5562279156196144,
        "recall": 0.55703125,
        "f1-score": 0.5564635148201732,
        "support": 656.0
    },
    "weighted avg": {
        "precision": 0.5780252739126566,
        "recall": 0.5746951219512195,
        "f1-score": 0.5762029992327347,
        "support": 656.0
    }
}